   128.09999999999999      ,   128.19999999999999      ,   128.30000000000001     
   134.89668069789298      ,   128.00000000000000      ,   137.49246608791958     
   135.73986564894517      ,   128.00181197717697      ,   138.47260835908287     
   136.57206319469904      ,   128.00517235629076      ,   139.46209153501465     
   137.41145662143836      ,   128.01040272885558      ,   140.44544054778066     
   138.25877146203152      ,   128.01539801043774      ,   141.42201545502118     
   139.10330171370757      ,   128.01959388385842      ,   142.40100156399410     
   139.96499019130573      ,   128.02259905686753      ,   143.36487917943589     
   140.83279733753255      ,   128.02366641762276      ,   144.32330223103665     
   141.69917021795382      ,   128.02227154117091      ,   145.28300593972909     
   142.58501686169672      ,   128.01925932020731      ,   146.22475430186208     
   143.47324715966394      ,   128.01435010683812      ,   147.16426892018742     
   144.36444562344221      ,   128.00751427132084      ,   148.10094434095615     
   145.26978417459935      ,   127.99934534149861      ,   149.02395185798795     
   146.17396541286456      ,   127.98977121168359      ,   149.94808903574398     
   147.08325170237816      ,   127.97885722886774      ,   150.86717451018890     
   148.00236642512510      ,   127.96689326340804      ,   151.77643057677577     
   148.92106092000427      ,   127.95391592333377      ,   152.68609942620657     
   149.84681045924782      ,   127.94013689668256      ,   153.58856353473752     
   150.77884399643722      ,   127.92590283446300      ,   154.48454165833357     
   151.71154298774994      ,   127.91137285236195      ,   155.37982052416740     
   152.65251482075988      ,   127.89634121052322      ,   156.26638366102830     
   153.59812227711896      ,   127.88085416208142      ,   157.14800306324437     
   154.54563823639444      ,   127.86503293899598      ,   158.02756203419892     
   155.50122652893003      ,   127.84867989585608      ,   158.89833136497452     
   156.45993044483134      ,   127.83184187971598      ,   159.76566566504130     
   157.42164773878505      ,   127.81462284802100      ,   160.62964671993484     
   158.38999092775290      ,   127.79683561508011      ,   161.48618416275391     
   159.36113003902139      ,   127.77849785375722      ,   162.33954053786499     
   160.33601797254485      ,   127.75972068654846      ,   163.18859925121987     
   161.31564162711575      ,   127.74032627889467      ,   164.03217843522756     
   162.29847426472850      ,   127.72030850032546      ,   164.87200156802157     
   163.28511372950638      ,   127.69977644322312      ,   165.70733668091475     
   164.27491647769656      ,   127.67856308692359      ,   166.53890391531553     
   165.26853023875648      ,   127.65664004445938      ,   167.36589471800042     
   166.26529665402833      ,   127.63413543124460      ,   168.18906886514324     
   167.26475732830724      ,   127.61084466046428      ,   169.00894606842576     
   168.26840270519156      ,   127.58674635649896      ,   169.82367181223896     
   169.27452044315785      ,   127.56198860613685      ,   170.63532438421311     
   170.28334129785853      ,   127.53631138842293      ,   171.44358377979759     
   171.29628458497234      ,   127.50973380268795      ,   172.24664256434716     
   172.31142797481837      ,   127.48234961916415      ,   173.04689202410086     
   173.32933235778006      ,   127.45391308337858      ,   173.84358810020024     
   174.35063916767166      ,   127.42444026446147      ,   174.63588123078691     
   175.37452308684018      ,   127.39392122813902      ,   175.42480123818024     
   176.40100583938994      ,   127.36224600238758      ,   176.21029111148798     
   177.43024669288920      ,   127.32927828957195      ,   176.99210976431414     
   178.46253956292773      ,   127.29500214428131      ,   177.76983741549654     
   179.49707110541789      ,   127.25944415230806      ,   178.54452808456068     
   180.53394495836233      ,   127.22228681136770      ,   179.31600411381808     
   181.57416627270413      ,   127.18355348416462      ,   180.08288292004869     
   182.61657733605480      ,   127.14330406666973      ,   180.84670522362356     
   183.66087576264511      ,   127.10111696353879      ,   181.60783888010474     
   184.70864941051843      ,   127.05650334891942      ,   182.36404181169368     
   185.75911793636863      ,   127.00937348117979      ,   183.11634438125600     
   186.81126269251871      ,   126.95972278326256      ,   183.86613764659859     
   187.86677982349946      ,   126.90611639693788      ,   184.61090009550699     
   188.92537149914040      ,   126.84845094287940      ,   185.35098218076729     
   189.98588934770979      ,   126.78667129838466      ,   186.08796840150117     
   191.04918042744563      ,   126.72000899648194      ,   186.82051749911861     
   192.11559276031741      ,   126.64709851567231      ,   187.54791573067192     
   193.18424533287123      ,   126.56589157208533      ,   188.27113398023965     
   194.25558759978640      ,   126.47559365696395      ,   188.98927584934984     
   195.32940002875677      ,   126.37543164016377      ,   189.70240231667887     
   196.40571059171401      ,   126.26473944385832      ,   190.41018464629309     
   197.48411459200668      ,   126.14297954138171      ,   191.11294593499252     
   198.56454908614270      ,   126.01020914861040      ,   191.81057430245943     
   199.64745959062094      ,   125.86554305045956      ,   192.50196847582873     
   200.73125820477449      ,   125.70740781740119      ,   193.18900864969461     
   201.81716534829690      ,   125.53832084104600      ,   193.87008863242795     
   202.90412875523509      ,   125.35567519947621      ,   194.54594999220427     
   203.99122444230625      ,   125.15621954108121      ,   195.21683422472381     
   205.07928709894236      ,   124.94297034803176      ,   195.88188250918168     
   206.16709433726334      ,   124.71314182276664      ,   196.54180204856885     
   207.25455878912135      ,   124.46488286364597      ,   197.19557368753053     
   208.34071133276996      ,   124.19561386032632      ,   197.84317811805863     
   209.42523670098558      ,   123.90292029836623      ,   198.48328036881156     
   210.50645282025346      ,   123.57822318725228      ,   199.11343677289250     
   211.58255065619090      ,   123.21749757064975      ,   199.73265353024738     
   212.65273766496961      ,   122.81982788679012      ,   200.33935212206742     
   213.71488335704839      ,   122.38310658208452      ,   200.93319453454973     
   214.76918634470303      ,   121.91181121894623      ,   201.51447973146219     
   215.81445805621797      ,   121.40594853335874      ,   202.08280672828045     
   216.84501781203306      ,   120.84994192596501      ,   202.63065867971773     
   128.09999999999999      ,   128.19999999999999      ,   128.30000000000001     
   132.87668958257504      ,   132.87668979574192      ,   137.49246608791958     
   133.36022626587041      ,   133.67490943869998      ,   138.38700539626271     
   133.79510072548211      ,   134.54341617398251      ,   139.23970516880641     
   134.18805286061919      ,   135.48403153960061      ,   140.03458922416380     
   134.57032080442454      ,   136.49163713463821      ,   140.74803417288061     
   134.91858139988938      ,   137.57694788431081      ,   141.35733747070222     
   135.23996931440243      ,   138.71065893611816      ,   141.88857733471772     
   135.52812462760627      ,   139.89481328956032      ,   142.31877235732946     
   135.78872491987011      ,   141.11852736029473      ,   142.64313844245015     
   136.01817288522685      ,   142.37385546160303      ,   142.84693643888755     
   136.21752729159331      ,   143.64811994484572      ,   142.93119304631674     
   136.38528448392594      ,   144.92887725891188      ,   142.89160795995539     
   136.52418499459213      ,   146.20449247885412      ,   142.73573304270141     
   136.63721722266206      ,   147.46451400543003      ,   142.47116207464344     
   136.72319250666891      ,   148.69931060582087      ,   142.09893652679460     
   136.77960271969911      ,   149.89525980443119      ,   141.61249216703618     
   136.80845030856469      ,   151.04251654003338      ,   141.01772463145790     
   136.81637424804970      ,   152.13931394457637      ,   140.33386875470978     
   136.80027594252417      ,   153.17649595089236      ,   139.56263201124355     
   136.76507988235437      ,   154.15203041464201      ,   138.71537803512848     
   136.70873205895771      ,   155.05565030046336      ,   137.79287934085102     
   136.63195825568002      ,   155.88538745150163      ,   136.80466825117276     
   136.53712228873007      ,   156.63890041270813      ,   135.75869070257073     
   136.42523188753137      ,   157.31195639726084      ,   134.66078871272313     
   136.29700358238222      ,   157.90171335846230      ,   133.51771319619971     
   136.15274958894508      ,   158.40714997326518      ,   132.33673684941695     
   135.99354169723384      ,   158.82885548096613      ,   131.12521914729828     
   135.81788706855932      ,   159.16191202018368      ,   129.88862636092611     
   135.62730738105228      ,   159.40697903351062      ,   128.63377069346490     
   135.42510066638098      ,   159.57103523186194      ,   127.36755186379111     
   135.21217604353859      ,   159.65435367623979      ,   126.09523314988640     
   134.98584698052153      ,   159.65077908411746      ,   124.82253658803745     
   134.74606282406455      ,   159.55768807616141      ,   123.55571968892622     
   134.49216724942900      ,   159.37661911417067      ,   122.30123988433348     
   134.22500237202817      ,   159.10542837784129      ,   121.06590557859572     
   133.94641979579310      ,   158.75046539492928      ,   119.85454062463249     
   133.65674182764050      ,   158.31016311054390      ,   118.67421110419895     
   133.35683067653164      ,   157.78944457544480      ,   117.52968371659843     
   133.04625697770689      ,   157.18815988187993      ,   116.42838663146557     
   132.72389852405095      ,   156.50711302178772      ,   115.37802757486810     
   132.39177970035777      ,   155.75437429272472      ,   114.38099918751195     
   132.05178924867440      ,   154.93234535922124      ,   113.44313917850513     
   131.69967774120792      ,   154.03785883127378      ,   112.57908939899626     
   131.33878354422998      ,   153.07431257461710      ,   111.79673846827379     
   130.97293810318888      ,   152.04939253437237      ,   111.09935949130650     
   130.60002237254605      ,   150.96794266322874      ,   110.49758034638099     
   130.22414127162071      ,   149.84100364158977      ,   109.98816128922340     
   129.84543351882979      ,   148.67326099315713      ,   109.58390980562174     
   129.46649033453798      ,   147.47298868283352      ,   109.28995314255806     
   129.08874407136625      ,   146.24929132631235      ,   109.11674024702285     
   128.71600244966058      ,   145.01263440056942      ,   109.06895230570072     
   128.35259573921820      ,   143.77439021257317      ,   109.13989552187675     
   128.00154234545761      ,   142.54495054091436      ,   109.32936604097871     
   127.66705212424434      ,   141.33384710710092      ,   109.63196732240557     
   127.35151637004958      ,   140.15570579467104      ,   110.05961411812152     
   127.05943897834230      ,   139.01537986611817      ,   110.59315382456222     
   126.79346063126036      ,   137.93136673500476      ,   111.24474483440798     
   126.55649108608837      ,   136.89416216180601      ,   111.97900412385110     
   126.35056195573267      ,   135.91098462674404      ,   112.79236218480462     
   126.17867215509165      ,   134.98943572521853      ,   113.68236913427833     
   126.04880897354565      ,   134.12128042420983      ,   114.63106671075596     
   125.97796572671935      ,   133.34852846837379      ,   115.66439389208360     
   125.95804631958703      ,   132.66793532158837      ,   116.76314153738134     
   125.96955183691279      ,   132.04704134452709      ,   117.89700380151648     
   128.09999999999999      ,   128.19999999999999      ,   128.30000000000001     
   127.99999969853650      ,   134.89668069789298      ,   137.49246608791958     
   127.61773888324737      ,   135.98466596965366      ,   138.07587057961675     
   127.17472556204673      ,   137.10206185039752      ,   138.55049038902919     
   126.66255219124265      ,   138.23780311751858      ,   138.89277128623993     
   126.09751655382779      ,   139.38790427829935      ,   139.05234694836273     
   125.50605854680920      ,   140.53503940195068      ,   138.99753618989973     
   124.89429707969083      ,   141.64818038379536      ,   138.76302193802033     
   124.28250949573524      ,   142.69786254945288      ,   138.32476600775510     
   123.67199561719420      ,   143.66501152407531      ,   137.72409103262180     
   123.08706327977033      ,   144.53227438641835      ,   136.96634008059027     
   122.53807396797058      ,   145.26856917472648      ,   136.05810609863184     
   122.01824474619218      ,   145.86599119343177      ,   135.03731183573524     
   121.53426481399555      ,   146.32187003322613      ,   133.92966794916268     
   121.09647199874715      ,   146.61231480919938      ,   132.74941526813043     
   120.70967441269980      ,   146.74672621018593      ,   131.52401575659351     
   120.37766252412263      ,   146.71388806700307      ,   130.27597453023148     
   120.10502094167153      ,   146.51406071169768      ,   129.02903677202596     
   119.89424918178864      ,   146.14801169417561      ,   127.80821136581001     
   119.75141655292713      ,   145.61838590465371      ,   126.63860961307596     
   119.67225272388723      ,   144.94301824405150      ,   125.53999368328057     
   119.65848992669859      ,   144.13086595560520      ,   124.53564003730965     
   119.72012018963198      ,   143.18905388167263      ,   123.65354483313297     
   119.84279411520025      ,   142.14850483774435      ,   122.89760422313347     
   120.04673290020853      ,   141.01982398704533      ,   122.30432793045526     
   120.32381984725340      ,   139.82998061478060      ,   121.88403515620978     
   120.68789898738943      ,   138.61052198084118      ,   121.67222497386318     
   121.14976421045748      ,   137.40440803948303      ,   121.69289030219352     
   121.64612162814950      ,   136.21867903053374      ,   121.83079957332424     
   122.10310273467128      ,   135.01978129142975      ,   121.98970561361949     
   128.09999999999999      ,   128.19999999999999      ,   128.30000000000001     
   123.12330999109119      ,   132.87668936940815      ,   137.49246608791958     
   122.06838082302738      ,   133.54661006819541      ,   137.82039574150096     
   120.95560865983094      ,   134.19016970343392      ,   137.93943170486045     
   119.85078410932199      ,   134.84253342650632      ,   137.80277814280157     
   118.79308310553095      ,   135.43047806804148      ,   137.35820840641514     
   117.83461305368606      ,   135.94410700662203      ,   136.66287976773071     
   117.03263206041143      ,   136.34682815491425      ,   135.73649884910162     
   116.42152553770877      ,   136.60890814309957      ,   134.63057981280485     
   116.01292902030323      ,   136.71702493883853      ,   133.41150683779341     
   115.81063396656485      ,   136.66115742349243      ,   132.13766637704174     
   115.80368763387855      ,   136.44805652024746      ,   130.86495598232321     
   116.01068984615831      ,   136.06832247907798      ,   129.64890456078817     
   116.41374481668217      ,   135.55532537671922      ,   128.53526628067550     
   116.99305379586174      ,   134.92441856125402      ,   127.56925549848228     
   117.72851965735963      ,   134.23906364683623      ,   126.75908499219418     
   118.65176788772251      ,   133.49866421713998      ,   126.26342913559971     
   119.59477446920147      ,   132.61951425183230      ,   126.22034614910913     
   128.09999999999999      ,   128.19999999999999      ,   128.30000000000001     
   121.10331930210705      ,   127.99999939707300      ,   137.49246608791958     
   128.09999999999999      ,   128.19999999999999      ,   128.30000000000001     
   123.12331084375874      ,   123.12330977792432      ,   137.49246608791958     
   124.09547789833459      ,   123.84483484473836      ,   137.04590725787858     
   128.09999999999999      ,   128.19999999999999      ,   128.30000000000001     
   128.00000090439050      ,   121.10331930210708      ,   137.49246608791958     
   128.09999999999999      ,   128.19999999999999      ,   128.30000000000001     
   132.87669043524255      ,   123.12331105692566      ,   137.49246608791958     
   132.31927086065639      ,   123.87609305517171      ,   136.60191011001911     
   128.09999999999999      ,   128.19999999999999      ,   128.30000000000001     
   137.49246671224000      ,   128.00000000000000      ,   134.89667983858965     
   138.65597363390100      ,   127.99923949507416      ,   135.45955055500605     
   139.86004499117465      ,   127.99943682197274      ,   135.92982449774325     
   141.08214433159290      ,   128.00024637975633      ,   136.35183951130119     
   142.31694382402662      ,   128.00081738514118      ,   136.73474881131818     
   143.56290664139146      ,   128.00156839877607      ,   137.08002410078601     
   144.81909337999335      ,   128.00211447182556      ,   137.38544349436373     
   146.08649554752523      ,   128.00317143678791      ,   137.64092402661640     
   147.36176156093364      ,   128.00787095834565      ,   137.85317205909942     
   148.64385758886738      ,   128.01639297738447      ,   138.01975245011675     
   149.93016721174598      ,   128.02745809640447      ,   138.14921491544484     
   151.21991042948977      ,   128.04190686606796      ,   138.23832179718539     
   152.51157903953018      ,   128.06049955428608      ,   138.29067326367931     
   153.80429617093091      ,   128.07817521095151      ,   138.30198177421977     
   155.09679197121292      ,   128.08497770740300      ,   138.27256266210080     
   156.38771221394762      ,   128.08784695978534      ,   138.20127551268635     
   157.67591181326094      ,   128.10182283621515      ,   138.09244826828524     
   158.95992485106518      ,   128.12663417474161      ,   137.94330667141165     
   160.23845614699925      ,   128.16101397091697      ,   137.75445340234296     
   161.50983550580023      ,   128.20717261657009      ,   137.52424166476936     
   162.77281922807666      ,   128.26582708969258      ,   137.25420690414569     
   164.02547161864007      ,   128.34249676918117      ,   136.94360199046915     
   165.26479395235822      ,   128.44832568538789      ,   136.59112759485089     
   166.48568789743933      ,   128.59996888917357      ,   136.19408848864012     
   167.68133909702621      ,   128.82108245305750      ,   135.75551666194775     
   168.83769607802702      ,   129.14585584134912      ,   135.27851918662023     
   169.93504640857995      ,   129.59401069019998      ,   134.76391319806478     
   170.94373347736391      ,   130.13618875620193      ,   134.16572642030377     
   171.82177048175154      ,   130.75588764670155      ,   133.44949483219992     
   172.53419534968285      ,   131.43115337641768      ,   132.61017455961340     
   173.08694910476353      ,   132.11890627421968      ,   131.66648502306785     
   173.55547303356713      ,   132.68929490065440      ,   130.60669172044933     
   173.96918168030925      ,   133.09704518035173      ,   129.45281327385595     
   174.34383052202236      ,   133.31948527325358      ,   128.23727816348799     
   174.68878679084884      ,   133.31018850686692      ,   126.99318292037670     
   175.00576949160939      ,   133.08397823635423      ,   125.76149048845146     
   175.31479110207346      ,   132.68088683258063      ,   124.57380158309239     
   175.62665969424458      ,   132.10727008633611      ,   123.45864028183138     
   175.96348579894982      ,   131.46377909608640      ,   122.38915432865397     
   176.34608675826354      ,   130.81583617515474      ,   121.33785591604345     
   176.76323217840616      ,   130.20638598307738      ,   120.27677713570806     
   177.19957237579305      ,   129.66268360940254      ,   119.18817601076933     
   177.64412772618186      ,   129.21706540407104      ,   118.05952549305110     
   178.07248270917256      ,   128.91964246252005      ,   116.87736795919355     
   178.45812900588919      ,   128.74350131985472      ,   115.65625855278913     
   178.77613545959036      ,   128.58893578129653      ,   114.41281677185644     
   179.01703345773601      ,   128.44161094992921      ,   113.15137435998551     
   179.19241424649644      ,   128.36196089922666      ,   111.87317479834404     
   179.29666001863080      ,   128.33590211078601      ,   110.58498926116593     
   179.31887307353458      ,   128.26120455998756      ,   109.29475494044853     
   179.25381841405144      ,   128.14011204187779      ,   108.00939912060505     
   179.11852152134418      ,   128.03946129908414      ,   106.72769151062863     
   178.90921016182958      ,   127.96308561041521      ,   105.45441739508492     
   178.60743057736562      ,   127.95567667157579      ,   104.19774332449508     
   178.20706129638901      ,   128.01461998645746      ,   102.97015616889063     
   177.73130332050019      ,   128.07419687554409      ,   101.76961961702862     
   177.18420465677025      ,   128.12324939303781      ,   100.59940164484682     
   176.56469876952406      ,   128.15441847801438      ,   99.465266017727743     
   175.86813438988699      ,   128.15642734051042      ,   98.376403778675680     
   175.09344514082315      ,   128.12524493313563      ,   97.342108869683642     
   174.25005649217454      ,   128.07438525601671      ,   96.363764029284212     
   173.34646631939282      ,   128.01912919891853      ,   95.440936888614601     
   172.38216802573555      ,   127.97224276951857      ,   94.581397249282304     
   171.35693448681349      ,   127.93440862906435      ,   93.795003344149180     
   170.27973849668899      ,   127.90348046838001      ,   93.081054642860948     
   169.15997060620310      ,   127.87861416271399      ,   92.435531967188169     
   168.00411256977222      ,   127.86180258898482      ,   91.856857781406461     
   166.81276024727438      ,   127.85544780636376      ,   91.355219555301574     
   165.59186684792948      ,   127.85734271469971      ,   90.930253563659562     
   164.34869317255635      ,   127.86267045075832      ,   90.575677391131222     
   163.08903316672522      ,   127.86766312887771      ,   90.284808963881460     
   161.81679209744601      ,   127.87177037839328      ,   90.055338059233748     
   160.53424492543340      ,   127.87522175287360      ,   89.892928715190635     
   159.24480866396203      ,   127.87821980157224      ,   89.800718056102909     
   157.95215386847579      ,   127.88095003444363      ,   89.783248969683285     
   156.66027487274414      ,   127.88355891482092      ,   89.831875196716368     
   155.37198241302505      ,   127.88616446045019      ,   89.940104949574689     
   154.09034249428149      ,   127.88884609559497      ,   90.109301295679217     
   152.81991058328524      ,   127.89168804637984      ,   90.348652663138708     
   151.56234002941827      ,   127.89474218076836      ,   90.648514647584562     
   150.31716957039887      ,   127.89814812592866      ,   90.996400400707870     
   149.08630536050762      ,   127.90191418438242      ,   91.391835361013847     
   147.87310591741192      ,   127.90604436001084      ,   91.838592810119223     
   146.67785650723798      ,   127.91049977670191      ,   92.331282571119473     
   145.50819366961667      ,   127.91525315206326      ,   92.881934384015636     
   144.36356719053106      ,   127.92030933018953      ,   93.482980192055322     
   143.24239954092630      ,   127.92584053987612      ,   94.126742387160164     
   142.14476487449369      ,   127.93173830873330      ,   94.809866346925531     
   141.07708727161767      ,   127.93789175230019      ,   95.538813793018463     
   140.04208491825034      ,   127.94433382011518      ,   96.313539127170003     
   139.03526928294161      ,   127.95115107891709      ,   97.124552274115572     
   138.06097374026348      ,   127.95819953728207      ,   97.974356075160742     
   137.11624163664277      ,   127.96545329504259      ,   98.856949941472649     
   136.20310645469968      ,   127.97305099484342      ,   99.772120310308921     
   135.33009063838972      ,   127.98076925376803      ,   100.72564185350248     
   134.49203980103084      ,   127.98860288696027      ,   101.71009848366101     
   133.68839430896801      ,   127.99661209457298      ,   102.72277872989275     
   132.92646153171569      ,   128.00455200591472      ,   103.76722683925558     
   132.19795680197714      ,   128.01197397253148      ,   104.83529351520681     
   131.50460966624945      ,   128.01870461509884      ,   105.92647172762086     
   130.85765743408447      ,   128.02443996371994      ,   107.04578408747733     
   130.25702853921121      ,   128.02894566836486      ,   108.19062162601219     
   129.70143407787671      ,   128.03207893243837      ,   109.35801260715779     
   129.18520042948214      ,   128.03310713584366      ,   110.54333585628959     
   128.71668386995668      ,   128.03255307664296      ,   111.74829010213615     
   128.29873050937428      ,   128.02926446535744      ,   112.97169103294334     
   127.94046264221774      ,   128.02446272366396      ,   114.21363562894696     
   127.69410456500908      ,   128.01911749867386      ,   115.48255550345809     
   127.51719532701264      ,   128.01406121857775      ,   116.76323841641690     
   127.37061691675913      ,   128.00965253616371      ,   118.04780851477511     
   128.09999999999999      ,   128.19999999999999      ,   128.30000000000001     
   134.71218743571293      ,   134.71218772911200      ,   134.89667983858965     
   135.35993102439889      ,   135.76178003498674      ,   135.28048565577319     
   135.96463325296361      ,   136.87785460642229      ,   135.52117185288063     
   136.51395470757768      ,   138.04399074625556      ,   135.61073822193632     
   137.02513505738540      ,   139.22822959655252      ,   135.53952022804617     
   137.46912458677596      ,   140.41720487278073      ,   135.29727279890722     
   137.86029185891641      ,   141.58793427900997      ,   134.91537577488077     
   138.17910558497218      ,   142.71885567947723      ,   134.37813191248347     
   138.43857348319230      ,   143.79051126956634      ,   133.70468667889611     
   138.62734079702938      ,   144.77929959455625      ,   132.89496271243729     
   138.75354452842259      ,   145.67532803350500      ,   131.97230774746293     
   138.82692628853169      ,   146.47241637706105      ,   130.95794673474515     
   138.83805636523309      ,   147.15182159172889      ,   129.85892463577346     
   138.78816275687717      ,   147.70535776531938      ,   128.69233737235490     
   138.68380496559743      ,   148.13347950197473      ,   127.47753695836595     
   138.52724433353197      ,   148.43101109041331      ,   126.22977684754390     
   138.31551434488813      ,   148.59489265267450      ,   124.96560704827117     
   138.04818835504699      ,   148.61817888070982      ,   123.70154524437358     
   137.73141796256502      ,   148.51174492466100      ,   122.45319666821763     
   137.36621037689568      ,   148.27319678731897      ,   121.23679639710987     
   136.95410897764214      ,   147.91099547790060      ,   120.06676006632276     
   136.49765900084580      ,   147.41983438864276      ,   118.96224824443271     
   135.99846542379160      ,   146.80768934723582      ,   117.93952075009396     
   135.45545214103998      ,   146.08524391903768      ,   117.01613156621687     
   134.87284670196493      ,   145.25469808827046      ,   116.21607238853029     
   134.26074128138538      ,   144.34084412899750      ,   115.53781166121779     
   133.62102248115093      ,   143.35474293787246      ,   115.00142025504840     
   132.96784763379702      ,   142.30818202561261      ,   114.61724258827050     
   132.30347629935210      ,   141.22138828934959      ,   114.40237991673582     
   131.63241014882951      ,   140.11792733850797      ,   114.36303415483908     
   130.98088505022909      ,   139.00802787532371      ,   114.47674515584657     
   130.35142264352228      ,   137.91606586252189      ,   114.76124270437404     
   129.75754651300733      ,   136.84922305154817      ,   115.18440277374791     
   129.20380727930566      ,   135.83886908556693      ,   115.76846548875847     
   128.71435131761194      ,   134.89249482366642      ,   116.49954721301854     
   128.30294643063269      ,   134.01340937378748      ,   117.35165621061276     
   127.97479616956240      ,   133.25756937029155      ,   118.34677987486906     
   128.09999999999999      ,   128.19999999999999      ,   128.30000000000001     
   127.99999958507108      ,   137.49246671223997      ,   134.89667983858965     
   127.54645387920738      ,   138.69229071886923      ,   134.78550251962298     
   127.02616951424355      ,   139.81944498989208      ,   134.42753369172803     
   126.45139949790655      ,   140.84993576051977      ,   133.90407944967779     
   125.85908706228805      ,   141.71252582857340      ,   133.15010306656140     
   125.28595253734217      ,   142.33575772597138      ,   132.17726672974723     
   124.74419657550845      ,   142.71401639829864      ,   131.06867095573546     
   124.24079429529081      ,   142.82941366064665      ,   129.88598106246968     
   123.79724257505518      ,   142.69274771341654      ,   128.68158081852397     
   123.43098141244369      ,   142.29941405146408      ,   127.50823838547920     
   123.16787286656844      ,   141.64644057102484      ,   126.42784523319025     
   123.01832227847829      ,   140.75231735008325      ,   125.50988901477687     
   122.96814413024512      ,   139.68873819623465      ,   124.77993922824625     
   123.05851095953523      ,   138.51364550385904      ,   124.25667105215773     
   123.36438007377015      ,   137.29256611449495      ,   123.98130828600962     
   123.80340114181440      ,   136.07765914569597      ,   123.96387841370306     
   128.09999999999999      ,   128.19999999999999      ,   128.30000000000001     
   121.28781197748897      ,   134.71218714231387      ,   134.89667983858965     
   120.37403401347787      ,   135.14977730055128      ,   134.12230041149624     
   119.69798408783974      ,   135.31381616451040      ,   133.03839174113384     
   119.28653665668435      ,   135.23161844639617      ,   131.81960825192053     
   119.04491024916152      ,   135.00039776821839      ,   130.57126153763687     
   118.94797056944871      ,   134.62993909668211      ,   129.34564314075146     
   128.09999999999999      ,   128.19999999999999      ,   128.30000000000001     
   118.50753328776005      ,   127.99999917014217      ,   134.89667983858965     
   119.75012810171511      ,   128.00215310382126      ,   135.19731635150083     
   121.02415543120229      ,   128.00409680182051      ,   135.41758150778250     
   128.09999999999999      ,   128.19999999999999      ,   128.30000000000001     
   121.28781315108519      ,   121.28781168408995      ,   134.89667983858965     
   122.35124621035206      ,   121.99085655216354      ,   134.88195905626483     
   123.35821073498528      ,   122.73886394513741      ,   134.57262677724739     
   128.09999999999999      ,   128.19999999999999      ,   128.30000000000001     
   128.00000124478674      ,   118.50753328776010      ,   134.89667983858965     
   128.09999999999999      ,   128.19999999999999      ,   128.30000000000001     
   134.71218860930907      ,   121.28781344448429      ,   134.89667983858965     
   128.09999999999999      ,   128.19999999999999      ,   128.30000000000001     
   139.15906356108133      ,   128.00000000000000      ,   131.62579888007321     
   140.45106433685243      ,   127.99705531217056      ,   131.58027880760861     
   141.73298572670657      ,   127.99371320092749      ,   131.42032528095831     
   142.96325124720519      ,   127.99039959908053      ,   131.02822459512609     
   144.13788689767102      ,   127.98865800822794      ,   130.48994635341734     
   145.22173408059209      ,   127.98764859311956      ,   129.78739368973035     
   146.19035475717837      ,   127.98467410908026      ,   128.93249752162950     
   147.04740486190897      ,   127.98236372525770      ,   127.96545149796107     
   147.78606806654696      ,   127.98314966908576      ,   126.90511326138203     
   148.42816928651752      ,   127.98407123722534      ,   125.78315424863830     
   149.00271332091754      ,   127.98128269420077      ,   124.62512396413389     
   149.49461912800987      ,   127.97957558473729      ,   123.42987051662649     
   149.86044711094598      ,   127.98296925638645      ,   122.19052271527407     
   150.06982729857879      ,   127.98496150987769      ,   120.91552858745750     
   150.11448648037396      ,   127.98190226273560      ,   119.62443449986742     
   149.96377780067590      ,   127.97432644861895      ,   118.34153378649638     
   149.62817615773332      ,   127.96364603242996      ,   117.09439047567838     
   149.08523314818342      ,   127.95236623651776      ,   115.92270663447266     
   148.37115782716165      ,   127.94791605973074      ,   114.84627231204209     
   147.50448125654015      ,   127.94135293951371      ,   113.88849834696008     
   146.49727478436108      ,   127.93300984059655      ,   113.08023600978738     
   145.37605513418163      ,   127.93432562244334      ,   112.43864990133451     
   144.17809226902537      ,   127.94330645723487      ,   111.95550086465124     
   142.92147023571610      ,   127.95438482124470      ,   111.65541023089729     
   141.63835782537237      ,   127.96513041596641      ,   111.50437089032741     
   140.34642490698411      ,   127.97441400585221      ,   111.52809777154110     
   139.06326319088916      ,   127.98183171029771      ,   111.68136324268453     
   137.80531506762239      ,   127.98733860282806      ,   111.97775922486153     
   136.57777927444678      ,   127.99091784879747      ,   112.38193568945015     
   135.40540811946767      ,   127.99271121823422      ,   112.92560272867539     
   134.28763938941321      ,   127.99297564384099      ,   113.57462011529056     
   133.24691079235748      ,   127.99201132980011      ,   114.34027136829434     
   132.31227028231845      ,   127.99021310091645      ,   115.23252405142821     
   131.48060484346280      ,   127.98828702698566      ,   116.22136629032968     
   130.78263097894686      ,   127.98664494494595      ,   117.30894544707846     
   130.18739751705294      ,   127.98545268160927      ,   118.45634046220010     
   128.09999999999999      ,   128.19999999999999      ,   128.30000000000001     
   135.89064934327666      ,   135.89064968818795      ,   131.62579888007321     
   136.55918070110891      ,   136.96774626788709      ,   131.38131957033227     
   137.11485373684914      ,   138.02736881519652      ,   130.89721409592738     
   137.55808558348730      ,   139.01997851656645      ,   130.20115871738057     
   137.83981155791767      ,   139.90784245627495      ,   129.30786293703730     
   137.99512714388817      ,   140.66471776780392      ,   128.27312349908252     
   138.02699880026006      ,   141.26367974018174      ,   127.12975904230079     
   137.93349541565942      ,   141.68390091956027      ,   125.91225646646350     
   137.72539714478478      ,   141.92429618011826      ,   124.66065134036752     
   137.40764394435874      ,   141.97335445366690      ,   123.40983663012101     
   136.97890890015631      ,   141.84579126966608      ,   122.19854483967248     
   136.43196516253144      ,   141.51613718730476      ,   121.07668513413550     
   135.78589470860672      ,   141.01561699501514      ,   120.07709815961422     
   135.05410325340370      ,   140.35893262639365      ,   119.24054749480490     
   134.25940033712530      ,   139.57274202154224      ,   118.59407186436506     
   133.42439141168182      ,   138.68907205255746      ,   118.16069821666659     
   132.57363918273865      ,   137.73731897236752      ,   117.96695319943854     
   131.73655827276460      ,   136.75471817352144      ,   117.98892784544962     
   130.93735691872982      ,   135.77874895503734      ,   118.26533517267592     
   130.16446292212336      ,   134.83504969803633      ,   118.69256965937782     
   129.33070461836357      ,   133.97931147120886      ,   119.18534028644449     
   128.09999999999999      ,   128.19999999999999      ,   128.30000000000001     
   127.99999951222182      ,   139.15906356108133      ,   131.62579888007321     
   127.46982392353992      ,   140.04104871703365      ,   130.84927522156201     
   126.87850327342949      ,   140.59676086669066      ,   129.85036815340254     
   126.29382252218876      ,   140.75741390378445      ,   128.71515033684040     
   125.77306285122739      ,   140.47622369266907      ,   127.57317499118706     
   125.37387922848407      ,   139.79828362385967      ,   126.55363237341842     
   125.08115221764940      ,   138.87319949801017      ,   125.70193031310454     
   124.86155103402599      ,   137.81924483379672      ,   124.98778276812041     
   128.09999999999999      ,   128.19999999999999      ,   128.30000000000001     
   120.10934996690082      ,   135.89064899836541      ,   131.62579888007321     
   119.81430407595538      ,   135.68075383186857      ,   130.38777467320190     
   119.79387239143681      ,   135.20702666761267      ,   129.19495350269537     
   120.06144822899782      ,   134.46478698059175      ,   128.17326850817221     
   128.09999999999999      ,   128.19999999999999      ,   128.30000000000001     
   116.84093643891872      ,   127.99999902444364      ,   131.62579888007321     
   116.65482920516811      ,   128.00617711707108      ,   132.90079778581713     
   116.87294499788965      ,   128.01105901715036      ,   134.16754937131148     
   117.56166307034873      ,   128.01294303997219      ,   135.24946958115268     
   118.68756391580906      ,   128.01302360128372      ,   135.85501880884857     
   119.95829354614951      ,   128.01387256627501      ,   136.09089612352668     
   121.23232256733671      ,   128.01469450450392      ,   136.31115854339444     
   128.09999999999999      ,   128.19999999999999      ,   128.30000000000001     
   120.10935134654588      ,   120.10934962198959      ,   131.62579888007321     
   120.59998356004583      ,   120.10117334357838      ,   132.81755788635346     
   121.33385132527394      ,   120.37289882203156      ,   133.83847447181861     
   122.23159909799377      ,   120.97237854420520      ,   134.53186219792443     
   123.19181925132550      ,   121.79128325465364      ,   134.61579509721841     
   128.09999999999999      ,   128.19999999999999      ,   128.30000000000001     
   128.00000146333454      ,   116.84093643891877      ,   131.62579888007321     
   128.45348524551855      ,   117.87796351247896      ,   132.24882032790805     
   128.09999999999999      ,   128.19999999999999      ,   128.30000000000001     
   135.89065072292163      ,   120.10935169145719      ,   131.62579888007321     
   135.13379882465441      ,   121.15056061724222      ,   131.73979030528250     
   128.09999999999999      ,   128.19999999999999      ,   128.30000000000001     
   139.15906290463192      ,   128.00000000000000      ,   124.37419909958354     
   139.34516955715117      ,   128.00617812161633      ,   123.09920010492705     
   139.12705299483505      ,   128.01106001418393      ,   121.83244865913673     
   138.43834441523347      ,   128.01294387057348      ,   120.75052036316127     
   137.31248170111760      ,   128.01302358906523      ,   120.14489237457722     
   136.04177529899744      ,   128.01387148139932      ,   119.90889023751622     
   134.76776777794521      ,   128.01469247543238      ,   119.68850349043657     
   128.09999999999999      ,   128.19999999999999      ,   128.30000000000001     
   135.89064887909686      ,   135.89064922400811      ,   124.37419909958354     
   135.38191309832553      ,   135.88930817451381      ,   123.19008227192917     
   134.63318474917554      ,   135.60872187495002      ,   122.18245229117323     
   133.72870790090872      ,   135.00172126511794      ,   121.50269419741704     
   132.78615753733393      ,   134.18708901500233      ,   121.37062497781679     
   128.09999999999999      ,   128.19999999999999      ,   128.30000000000001     
   127.99999951222185      ,   139.15906290463192      ,   124.37419909958354     
   127.54970172204682      ,   138.11426889540604      ,   123.76187982729923     
   128.09999999999999      ,   128.19999999999999      ,   128.30000000000001     
   120.10935043108067      ,   135.89064853418560      ,   124.37419909958354     
   120.87041799603554      ,   134.85183743912594      ,   124.26664813377468     
   128.09999999999999      ,   128.19999999999999      ,   128.30000000000001     
   116.84093709536812      ,   127.99999902444370      ,   124.37419909958354     
   115.54893630488544      ,   127.99705416872756      ,   124.41971875689038     
   114.26701484284052      ,   127.99371184720339      ,   124.57967171996864     
   113.03674910802017      ,   127.99039796456927      ,   124.97177173436535     
   111.86211310063689      ,   127.98865600435620      ,   125.51004920003096     
   110.77826538096610      ,   127.98764608037193      ,   126.21260103732720     
   109.80964405413411      ,   127.98467090407787      ,   127.06749646118982     
   108.95259340857073      ,   127.98236002225691      ,   128.03454200432390     
   108.21392958775400      ,   127.98314610983938      ,   129.09487981182986     
   107.57182798203385      ,   127.98406830118060      ,   130.21683860094623     
   106.99728350101459      ,   127.98128027367764      ,   131.37486866605610     
   106.50537688683163      ,   127.97957352550019      ,   132.57012178525011     
   106.13954776948609      ,   127.98296750506216      ,   133.80946925412405     
   105.93016619208906      ,   127.98495999312325      ,   135.08446315245885     
   105.88550561563835      ,   127.98190094022426      ,   136.37555719568778     
   106.03621260759802      ,   127.97432530206689      ,   137.65845811232228     
   106.37181230234252      ,   127.96364502683842      ,   138.90560195256012     
   106.91475334104800      ,   127.95236531500275      ,   140.07728670370119     
   107.62882713624653      ,   127.94791525815396      ,   141.15372203772154     
   108.49550243362681      ,   127.94135238108272      ,   142.11149715407191     
   109.50270733668251      ,   127.93300928136203      ,   142.91976147058296     
   110.62392555760593      ,   127.93432500082284      ,   143.56135008783059     
   111.82188686881406      ,   127.94330581722778      ,   144.04450295491841     
   113.07850853035258      ,   127.95438420925815      ,   144.34459503446641     
   114.36162094096757      ,   127.96512986520385      ,   144.49563450656942     
   115.65355388047205      ,   127.97441353798096      ,   144.47190901109940     
   116.93671575638368      ,   127.98183132716288      ,   144.31864479704723     
   118.19466427504628      ,   127.98733829591696      ,   144.02225052225356     
   119.42220052958189      ,   127.99091760868016      ,   143.61807541673997     
   120.59457259530215      ,   127.99271103626536      ,   143.07441036136541     
   121.71234220904464      ,   127.99297550911579      ,   142.42539448007022     
   122.75307243940645      ,   127.99201123854398      ,   141.65974544628824     
   123.68771477218989      ,   127.99021303453074      ,   140.76749468135307     
   124.51938228798225      ,   127.98828697383527      ,   139.77865417565846     
   125.21735818981071      ,   127.98664489546145      ,   138.69107633994136     
   125.81259315685243      ,   127.98545263537808      ,   137.54368210956866     
   128.09999999999999      ,   128.19999999999999      ,   128.30000000000001     
   120.10935181072566      ,   120.10935008616947      ,   124.37419909958354     
   119.44417394379043      ,   119.03091711762380      ,   124.62240790141875     
   118.88811037350851      ,   117.97097481557557      ,   125.10550515121879     
   118.44381245924615      ,   116.97813496334169      ,   125.80049675977259     
   118.16304987578100      ,   116.09044286146511      ,   126.69421245634352     
   118.00987413089145      ,   115.33444397577104      ,   127.72990367794134     
   117.97741700254248      ,   114.73529696159142      ,   128.87325778300800     
   118.06498145380850      ,   114.31136316239461      ,   130.08992358766173     
   118.27362998579935      ,   114.07091686415315      ,   131.34126630732882     
   118.60120382982140      ,   114.02842785503445      ,   132.58970602609239     
   119.03916468859371      ,   114.16297529538835      ,   133.79694138490248     
   119.59214178592592      ,   114.49811318443656      ,   134.91429412039872     
   120.24226802117094      ,   115.00182924749384      ,   135.90964493824086     
   120.97782879821995      ,   115.66174522358128      ,   136.74028770553292     
   121.77520693152087      ,   116.45196418755823      ,   137.37842702502326     
   122.61273399600756      ,   117.33841506150372      ,   137.80107484646470     
   123.46574180649399      ,   118.29063131667580      ,   137.98209021732137     
   124.30353517339852      ,   119.27215211385578      ,   137.94609535909956     
   125.10017714153923      ,   120.24785849677134      ,   137.66074049391875     
   125.87316955921573      ,   121.19196556247253      ,   137.23441655918708     
   128.09999999999999      ,   128.19999999999999      ,   128.30000000000001     
   128.00000146333446      ,   116.84093709536818      ,   124.37419909958354     
   128.53239346531055      ,   115.96876939666137      ,   125.16034305613255     
   129.12458297037145      ,   115.42205599093276      ,   126.16376281588391     
   129.70923645258333      ,   115.27178191543760      ,   127.30041801923163     
   130.22941986009297      ,   115.56039161519195      ,   128.44092966239896     
   130.62783605446126      ,   116.24327523551842      ,   129.45748187227886     
   130.92072986563446      ,   117.16892003912400      ,   130.30869250527564     
   131.14135256101520      ,   118.22109078943301      ,   131.02520216585330     
   128.09999999999999      ,   128.19999999999999      ,   128.30000000000001     
   135.89065025874172      ,   120.10935215563694      ,   124.37419909958354     
   136.17439119824186      ,   120.32251478268464      ,   125.61461017937911     
   136.19904491778786      ,   120.79356530301948      ,   126.80898907924269     
   128.09999999999999      ,   128.19999999999999      ,   128.30000000000001     
   137.49246610931303      ,   128.00000000000000      ,   121.10331933155256     
   136.24989705057138      ,   128.00215253327627      ,   120.80256705916960     
   134.97589123005309      ,   128.00409493458542      ,   120.58217751839601     
   128.09999999999999      ,   128.19999999999999      ,   128.30000000000001     
   134.71218700937922      ,   134.71218730277823      ,   121.10331933155256     
   133.64866752489306      ,   134.00940199394654      ,   121.13236810736704     
   132.64236797316988      ,   133.26258169244235      ,   121.44693526212814     
   128.09999999999999      ,   128.19999999999999      ,   128.30000000000001     
   127.99999958507111      ,   137.49246610931303      ,   121.10331933155256     
   128.09999999999999      ,   128.19999999999999      ,   128.30000000000001     
   121.28781240382274      ,   134.71218671598015      ,   121.10331933155256     
   128.09999999999999      ,   128.19999999999999      ,   128.30000000000001     
   118.50753389068700      ,   127.99999917014222      ,   121.10331933155256     
   117.34402739435662      ,   127.99923837768297      ,   120.54044774499312     
   116.13995623682236      ,   127.99943547145450      ,   120.07017329807212     
   114.91785700683063      ,   128.00024480919708      ,   119.64815796387686     
   113.68305764643162      ,   128.00081556641695      ,   119.26524823726237     
   112.43709494842885      ,   128.00156629225262      ,   118.91997251702483     
   111.18090829815625      ,   128.00211201496222      ,   118.61455275940308     
   109.91350620678614      ,   128.00316856478534      ,   118.35907184688436     
   108.63824026772218      ,   128.00786760933039      ,   118.14682335484844     
   107.35614429775023      ,   128.01638908041824      ,   117.98024248989560     
   106.06983472185496      ,   128.02745355146700      ,   117.85077949997465     
   104.78009153262670      ,   128.04190153722271      ,   117.76167207800597     
   103.48842293186220      ,   128.06049324679543      ,   117.70932002953030     
   102.19570578945307      ,   128.07816770989456      ,   117.69801092406385     
   100.90320996741949      ,   128.08496877184896      ,   117.72742940731672     
   99.612289685417366      ,   128.08783627999517      ,   117.79871591915951     
   98.324090006148310      ,   128.10181010239967      ,   117.90754248595192     
   97.040076839907940      ,   128.12661895286948      ,   118.05668339341348     
   95.761545356051727      ,   128.16099556712359      ,   118.24553597386826     
   94.490165723778091      ,   128.20715011837126      ,   118.47574702669597     
   93.227181599512463      ,   128.26579926470674      ,   118.74578107162843     
   91.974528585070232      ,   128.34246187581778      ,   119.05638523038800     
   90.735205151290117      ,   128.44828097162491      ,   119.40885873719355     
   89.514309246245290      ,   128.59991031439733      ,   119.80589716915766     
   88.318654365062628      ,   128.82100435977966      ,   120.24446891567740     
   87.162290302340594      ,   129.14575081866627      ,   120.72146774908663     
   86.064927500958589      ,   129.59388615029346      ,   121.23606403643282     
   85.056223756280843      ,   130.13604789517615      ,   121.83423760704899     
   84.178164005273999      ,   130.75573297108926      ,   122.55045330214864     
   83.465714940246443      ,   131.43099055646906      ,   123.38975950292715     
   82.912942374308301      ,   132.11874408594335      ,   124.33343755312153     
   82.444413143568283      ,   132.68915072251991      ,   125.39321874131319     
   82.030701365619620      ,   133.09691796754132      ,   126.54709003146249     
   81.656051800092428      ,   133.31937779597661      ,   127.76262131709250     
   81.311094152213030      ,   133.31009681385541      ,   129.00671621190898     
   80.994111508019301      ,   133.08389367920944      ,   130.23840987947901     
   80.685089327246089      ,   132.68080936184342      ,   131.42610105927960     
   80.373219931406112      ,   132.10719066028378      ,   132.54126096749869     
   80.036391264374203      ,   131.46370168643716      ,   133.61074736034740     
   79.653786276367470      ,   130.81576371983340      ,   134.66204734827355     
   79.236633719931916      ,   130.20631909244136      ,   135.72312651156247     
   78.800285156898667      ,   129.66262375900931      ,   136.81172778951895     
   78.355720727496248      ,   129.21701336197538      ,   137.94037775250550     
   77.927358111947768      ,   128.91960194353902      ,   139.12253545267168     
   77.541703274425572      ,   128.74347461209294      ,   140.34364413373805     
   77.223688443977977      ,   128.58891705330694      ,   141.58708477000926     
   76.982781447155588      ,   128.44159576575404      ,   142.84852590652184     
   76.807392185401739      ,   128.36194439106362      ,   144.12672421760587     
   76.703136889731127      ,   128.33588767260372      ,   145.41490905483144     
   76.680913196422637      ,   128.26119867742446      ,   146.70514368075891     
   76.745956981346865      ,   128.14011111767246      ,   147.99050051560221     
   76.881244153937701      ,   128.03945969203181      ,   149.27220910036718     
   77.090544878873061      ,   127.96308271776110      ,   150.54548492327390     
   77.392311635830993      ,   127.95566746749712      ,   151.80216205052272     
   77.792667170997703      ,   128.01460682834207      ,   153.02975386052771     
   78.268413353724526      ,   128.07418634940424      ,   154.23029495607329     
   78.815500305178290      ,   128.12324104478373      ,   155.40051831489853     
   79.434993923043294      ,   128.15441450961436      ,   156.53466053909813     
   80.131545161257122      ,   128.15643006067916      ,   157.62353118882695     
   80.906220446328746      ,   128.12525328324423      ,   158.65783672063768     
   81.749597350999579      ,   128.07439529596300      ,   159.63619175148582     
   82.653177958621143      ,   128.01913809838746      ,   160.55902818042335     
   83.617464207942874      ,   127.97224972655290      ,   161.41858127316630     
   84.642687396698165      ,   127.93441409566286      ,   162.20498857684493     
   85.719875097828620      ,   127.90348481142047      ,   162.91894973279068     
   86.839635322003744      ,   127.87861735300552      ,   163.56448565858204     
   87.995486261952976      ,   127.86180417437551      ,   164.14317404197561     
   89.186830907541946      ,   127.85544726155773      ,   164.64483043344114     
   90.407718561297543      ,   127.85734078958774      ,   165.06981290664876     
   91.650887522769239      ,   127.86266843097043      ,   165.42440559837934     
   92.910544085257683      ,   127.86766114825747      ,   165.71528890333460     
   94.182782075616188      ,   127.87176838375457      ,   165.94477693454519     
   95.465327452929671      ,   127.87521972371789      ,   166.10720031194626     
   96.754762446260514      ,   127.87821771323053      ,   166.19942912661995     
   98.047417002921009      ,   127.88094786897638      ,   166.21691511174893     
   99.339296595046065      ,   127.88355665120396      ,   166.16830488021452     
   100.62759007613408      ,   127.88616210105577      ,   166.06008744539230     
   101.90923245015226      ,   127.88884363109892      ,   165.89090940647711     
   103.17966768089821      ,   127.89168547932536      ,   165.65157570551000     
   104.43724173486966      ,   127.89473949498763      ,   165.35172849651315     
   105.68241500324316      ,   127.89814525145256      ,   165.00385279637729     
   106.91328384425199      ,   127.90191114217053      ,   164.60843220788558     
   108.12648762433271      ,   127.90604118291722      ,   164.16168656670496     
   109.32174386639753      ,   127.91049649016493      ,   163.66901331546751     
   110.49141427033457      ,   127.91524979107281      ,   163.11837758815469     
   111.63604607091330      ,   127.92030579690407      ,   162.51734194409229     
   112.75721999244746      ,   127.92583686386681      ,   161.87359067443811     
   113.85486176535836      ,   127.93173455489017      ,   161.19047808975910     
   114.92255026184320      ,   127.93788797008250      ,   160.46154660920010     
   115.95756089350623      ,   127.94432990937696      ,   159.68683236800595     
   116.96438627048056      ,   127.95114709313653      ,   158.87583129910703     
   117.93869160759709      ,   127.95819554041131      ,   158.02603873372183     
   118.88343071186624      ,   127.96544917467847      ,   157.14345237493052     
   119.79657787641553      ,   127.97304683337698      ,   156.22829392394269     
   120.66960688567558      ,   127.98076515201814      ,   155.27478446290269     
   121.50766666183389      ,   127.98859874503776      ,   154.29033546444177     
   122.31132516390720      ,   127.99660798543763      ,   153.27766551278802     
   123.07327145898793      ,   128.00454804926753      ,   152.23322728999838     
   123.80178630751332      ,   128.01197035557010      ,   151.16516751203022     
   124.49514947493850      ,   128.01870134075770      ,   150.07399946287333     
   125.14211724291901      ,   128.02443726914845      ,   148.95469609392239     
   125.74276256808194      ,   128.02894349554225      ,   147.80986717664069     
   126.29837002938106      ,   128.03207780443734      ,   146.64248239860692     
   126.81461834438767      ,   128.03310676622226      ,   145.45716552003864     
   127.28315374497916      ,   128.03255335121941      ,   144.25221860326877     
   127.70112618886510      ,   128.02926572113151      ,   143.02882418475266     
   128.05941957213622      ,   128.02446445163730      ,   141.78688663215524     
   128.30581647748093      ,   128.01911928798259      ,   140.51797449932991     
   128.48274561142094      ,   128.01406286689468      ,   139.23729439007224     
   128.62933216491643      ,   128.00965394833429      ,   137.95272522343029     
   128.09999999999999      ,   128.19999999999999      ,   128.30000000000001     
   121.28781357741889      ,   121.28781211042374      ,   121.10331933155256     
   120.64195239286222      ,   120.23579603374415      ,   120.72297939759727     
   120.03752416894562      ,   119.11896648102847      ,   120.48491103586690     
   119.48453112060588      ,   117.95445885879388      ,   120.39645141400749     
   118.96900573665566      ,   116.77208697893869      ,   120.46755132684723     
   118.52350046649363      ,   115.58350814831928      ,   120.70891999390582     
   118.13222953570293      ,   114.41221295810291      ,   121.08898472061659     
   117.81503376316759      ,   113.27973857239810      ,   121.62391455020838     
   117.55398626669395      ,   112.20597127154880      ,   122.29346610549415     
   117.35925360618617      ,   111.21360126701951      ,   123.09742965189261     
   117.22736815862888      ,   110.31389606125390      ,   124.01563839688723     
   117.15342492157060      ,   109.51642550066471      ,   125.02956275606550     
   117.14520198470979      ,   108.83947278450241      ,   126.13010965451393     
   117.19611866336174      ,   108.28698343892954      ,   127.29718905090763     
   117.29957145002545      ,   107.85809849944586      ,   128.51181417346041     
   117.45427067082682      ,   107.55876897635606      ,   129.75939518518078     
   117.66121825533077      ,   107.38990785329833      ,   131.02375382198966     
   117.92009452431219      ,   107.35714428491870      ,   132.28939768084541     
   118.22868165039272      ,   107.45432533559537      ,   133.54052882719668     
   118.58700746578766      ,   107.68518080014766      ,   134.76044691710214     
   118.99159105584732      ,   108.03900347370318      ,   135.93569423763736     
   119.44042869241690      ,   108.52074642353070      ,   137.04743063791040     
   119.93391578671859      ,   109.12650867724828      ,   138.07665817582506     
   120.47274710457017      ,   109.84416469545464      ,   139.00623367702900     
   121.05061317191849      ,   110.66864202828998      ,   139.81601833454437     
   121.66022996288314      ,   111.57737163455397      ,   140.50322739999777     
   122.30147675574977      ,   112.56101306373341      ,   141.04207881001270     
   122.95814073344751      ,   113.60663460446342      ,   141.42270172859682     
   123.62471375766904      ,   114.69247017374828      ,   141.63590165490720     
   124.29914582152173      ,   115.79393134892400      ,   141.67297484846338     
   124.95509672689414      ,   116.90128751595570      ,   141.55932173011547     
   125.58913301746057      ,   117.99108894281592      ,   141.27671705846595     
   126.18758547872893      ,   119.05635960165743      ,   140.85581749670254     
   126.74581327595249      ,   120.07059809276711      ,   140.28273685591114     
   127.24241547929397      ,   121.02411896233495      ,   139.56583086542085     
   127.66220522517091      ,   121.91764530236760      ,   138.73298693256271     
   127.99787702214158      ,   122.68451734679697      ,   137.74906261991606     
   128.09999999999999      ,   128.19999999999999      ,   128.30000000000001     
   128.00000124478666      ,   118.50753389068706      ,   121.10331933155256     
   128.45314883052342      ,   117.30733446889204      ,   121.21056023171528     
   128.97329941931849      ,   116.18035058249211      ,   121.56913540489784     
   129.54805314500450      ,   115.15095072587206      ,   122.09474311648442     
   130.14022471385545      ,   114.28829696624396      ,   122.84895700329966     
   130.71477234086609      ,   113.65642597466817      ,   123.81576174456241     
   131.26050734032935      ,   113.26437201623108      ,   124.91736369832789     
   131.76333101848010      ,   113.15047290325705      ,   126.10008945132044     
   132.19976305338068      ,   113.30029954256288      ,   127.30557737943325     
   132.56533877028230      ,   113.69179490214188      ,   128.48008444687272     
   132.83581819101602      ,   114.33149109746640      ,   129.56667749653627     
   132.98997627568360      ,   115.21905484213902      ,   130.49000930292848     
   133.04387041000376      ,   116.27885073679424      ,   131.22523679372549     
   132.96165553880576      ,   117.45058970864319      ,   131.75751366871162     
   132.66624749000206      ,   118.67246581609353      ,   132.04105345798811     
   132.23610974289522      ,   119.89040676738357      ,   132.06323977174881     
   128.09999999999999      ,   128.19999999999999      ,   128.30000000000001     
   134.71218818297524      ,   121.28781387081796      ,   121.10331933155256     
   135.61690172463602      ,   120.85066053032475      ,   121.88872007666470     
   136.27820949450955      ,   120.68983038832204      ,   122.98195263111845     
   136.66771249562260      ,   120.77719250371457      ,   124.20755270011590     
   136.88940352561622      ,   121.01026929729028      ,   125.45928986918283     
   136.97570392782504      ,   121.39159458516772      ,   126.68114606659395     
   128.09999999999999      ,   128.19999999999999      ,   128.30000000000001     
   134.89667942366071      ,   128.00000000000000      ,   118.50753298629655     
   128.09999999999999      ,   128.19999999999999      ,   128.30000000000001     
   132.87668868155680      ,   132.87668889472366      ,   118.50753298629655     
   131.90464999080280      ,   132.15537234825550      ,   118.95486205740077     
   128.09999999999999      ,   128.19999999999999      ,   128.30000000000001     
   127.99999969853656      ,   134.89667942366071      ,   118.50753298629655     
   128.09999999999999      ,   128.19999999999999      ,   128.30000000000001     
   123.12331089210952      ,   132.87668846838994      ,   118.50753298629655     
   123.68034318647179      ,   132.12410374405633      ,   119.39849964384794     
   128.09999999999999      ,   128.19999999999999      ,   128.30000000000001     
   121.10332057633930      ,   127.99999939707311      ,   118.50753298629655     
   120.26013691445527      ,   128.00181112443252      ,   117.52738960513855     
   119.42794042511647      ,   128.00517128659726      ,   116.53790553941938     
   118.58854761415918      ,   128.01040147532731      ,   115.55455600168024     
   117.74123326850237      ,   128.01539648258628      ,   114.57798066363006     
   116.89670366320433      ,   128.01959206963292      ,   113.59899399594660     
   116.03501577855677      ,   128.02259697935173      ,   112.63511584951647     
   115.16720919448908      ,   128.02366403914911      ,   111.67669228862788     
   114.30083701906045      ,   128.02226883961347      ,   110.71698794425046     
   113.41499104784509      ,   128.01925627172631      ,   109.77523895051372     
   112.52676138238296      ,   128.01434667382389      ,   108.83572373628809     
   111.63556358672979      ,   128.00751042412398      ,   107.89904768277427     
   110.73022564085525      ,   127.99934103842452      ,   106.97603957640575     
   109.82604511234962      ,   127.98976640594206      ,   106.05190170950381     
   108.91675956079251      ,   127.97885187626038      ,   105.13281551147458     
   107.99764551919083      ,   127.96688731095121      ,   104.22355876441047     
   107.07895178471458      ,   127.95390931486592      ,   103.31388915643595     
   106.15320301680542      ,   127.94012957746224      ,   102.41142426723400     
   105.22117023141192      ,   127.92589474176637      ,   101.51544537391258     
   104.28847207199937      ,   127.91136392011421      ,   100.62016565509668     
   103.34750104694666      ,   127.89633135972116      ,   99.733601676354212     
   102.40189436107082      ,   127.88084331304680      ,   98.851981465261886     
   101.45437927544909      ,   127.86502100835449      ,   97.972421572659812     
   100.49879183837383      ,   127.84866678439622      ,   97.101651325286682     
   99.540088729177782      ,   127.83182748729122      ,   96.234316158363612     
   98.578372337834722      ,   127.81460706969425      ,   95.370334126406959     
   97.610029915368429      ,   127.79681832722684      ,   94.513795848536461     
   96.638891637814538      ,   127.77847893162280      ,   93.660438559699486     
   95.664004599596353      ,   127.75969999904355      ,   92.811378857673759     
   94.684381714290140      ,   127.74030367295428      ,   91.967798824401939     
   93.701549938554464      ,   127.72028382047101      ,   91.127974732328823     
   92.714911394951628      ,   127.69974952700423      ,   90.292638586472634     
   91.725109459614941      ,   127.67853374622779      ,   89.461070446335953     
   90.731496602436494      ,   127.65660808688594      ,   88.634078626948082     
   89.734731077304616      ,   127.63410064916127      ,   87.810903479247287     
   88.735271269473543      ,   127.61080682977327      ,   86.991025306273684     
   87.731626833456900      ,   127.58670523838829      ,   86.176298500683373     
   86.725510044904695      ,   127.56194394014237      ,   85.364644860043825     
   85.716690134952046      ,   127.53626290762391      ,   84.556384406535528     
   84.703747786939971      ,   127.50968120699163      ,   83.753324573686996     
   83.688605408482204      ,   127.48229259381236      ,   82.953073982530242     
   82.670702020149037      ,   127.45385130582039      ,   82.156376805432842     
   81.649396200573506      ,   127.42437336449312      ,   81.364082588830030     
   80.625513360779678      ,   127.39384882259233      ,   80.575161393572955     
   79.599031694530879      ,   127.36216770174613      ,   79.789670338568357     
   78.569791905166113      ,   127.32919363877070      ,   79.007850552639269     
   77.537500181177052      ,   127.29491067496151      ,   78.230121680865921     
   76.502969808316038      ,   127.25934536705601      ,   77.455429785801897     
   75.466097102848465      ,   127.22218018215123      ,   76.683952592180162     
   74.425877004639659      ,   127.18343842598165      ,   75.917072562177708     
   73.383467258843439      ,   127.14317995649826      ,   75.153248937608510     
   72.339170108712068      ,   127.10098317121965      ,   74.392114066740646     
   71.291397820556057      ,   127.05635909249960      ,   73.635909868735098     
   70.240930784553967      ,   127.00921794605033      ,   72.883605925648055     
   69.188787630187022      ,   126.95955523693704      ,   72.133811208558313     
   68.133272084346601      ,   126.90593570237279      ,   71.389047460016855     
   67.074682155060543      ,   126.84825601525569      ,   70.648963986368756     
   66.014166183391808      ,   126.78646105344096      ,   69.911976349498417     
   64.950877060081950      ,   126.71978207843840      ,   69.179425930528367     
   63.884466320324705      ,   126.64684611826289      ,   68.452027928072653     
   62.815815511907985      ,   126.56560948117232      ,   67.728810409271574     
   61.744475328094708      ,   126.47527893279302      ,   67.010669540161899     
   60.670665246269735      ,   126.37508114337209      ,   66.297544567753135     
   59.594357513826438      ,   126.26434988117011      ,   65.589764048954521     
   58.515956785528957      ,   126.14254743749413      ,   64.887005115957066     
   57.435526101521518      ,   126.00973137759772      ,   64.189379544663552     
   56.352620069538887      ,   125.86501620223567      ,   63.497988643443776     
   55.268826641930175      ,   125.70682765243235      ,   62.810952567781300     
   54.182925350403607      ,   125.53768485562099      ,   62.129877116748631     
   53.095968564683858      ,   125.35497976936506      ,   61.454021190684344     
   52.008880892918114      ,   125.15545910597893      ,   60.783143307953594     
   50.920827175847222      ,   124.94214173302788      ,   60.118102270790644     
   49.833030312287406      ,   124.71224040278598      ,   59.458191000780985     
   48.745578031679955      ,   124.46390322946164      ,   58.804428837376449     
   47.659439688487836      ,   124.19455039491859      ,   58.156835470484509     
   46.574934341269582      ,   123.90173344520944      ,   57.516755924610194     
   45.493743842565863      ,   123.57689484573297      ,   56.886628525919733     
   44.417676899008626      ,   123.21602064114380      ,   56.267444708843897     
   43.347526955846021      ,   122.81819400365048      ,   55.660783703465796     
   42.285425800738366      ,   122.38130616379077      ,   55.066984189698744     
   41.231173562662732      ,   121.90983940546397      ,   54.485745951490614     
   40.185959951810148      ,   121.40379631861148      ,   53.917473239093326     
   39.155484801850051      ,   120.84754727394581      ,   53.369708522817845     
   128.09999999999999      ,   128.19999999999999      ,   128.30000000000001     
   123.12331174477691      ,   123.12331067894269      ,   118.50753298629655     
   122.63921513277209      ,   122.32441467743898      ,   117.61391149763752     
   122.20411783532369      ,   121.45229109768016      ,   116.76509589071138     
   121.81185643171581      ,   120.50653400247417      ,   115.97595238747131     
   121.42902900754990      ,   119.49880643409567      ,   115.26287289056006     
   121.07898187964631      ,   118.41663958061504      ,   114.64897316414488     
   120.75705768799168      ,   117.28425987610926      ,   114.11533530319470     
   120.47191148344317      ,   116.09770327903163      ,   113.68997770767943     
   120.21437869520537      ,   114.87212845257217      ,   113.37003335769552     
   119.98489602900626      ,   113.61706281250459      ,   113.16422713400351     
   119.78331843169612      ,   112.34359189619877      ,   113.07323224090798     
   119.61217941790547      ,   111.06298410077135      ,   113.10289661127621     
   119.47133416202352      ,   109.78680006004369      ,   113.25165381841838     
   119.36149784009361      ,   108.52731560581810      ,   113.51960075313298     
   119.27972014712120      ,   107.29374272551181      ,   113.89701105184920     
   119.22203222863509      ,   106.09581904376780      ,   114.37870769871824     
   119.18979950378576      ,   104.94480912061331      ,   114.96590476688529     
   119.18155285691319      ,   103.84734276208145      ,   115.64858281790413     
   119.19922986648965      ,   102.81227309774414      ,   116.42259549300687     
   119.23578414560525      ,   101.83914819528579      ,   117.27255864196655     
   119.29360732308351      ,   100.93904965513997      ,   118.19837837691023     
   119.37195764799657      ,   100.11377733353471      ,   119.19021141902286     
   119.46717794849877      ,   99.362191040626954      ,   120.23757597201147     
   119.57795992421423      ,   98.687176239610139      ,   121.33442091320165     
   119.70398191978762      ,   98.092162471884237      ,   122.47502953946615     
   119.84545827760400      ,   97.580057321723075      ,   123.65347544840155     
   120.00123431161659      ,   97.150021551155078      ,   124.86251595623791     
   120.17299559521636      ,   96.807665306268277      ,   126.09712114613812     
   120.35952538738820      ,   96.552916052943871      ,   127.35063238086518     
   120.56100838654881      ,   96.387252260048726      ,   128.61670279476991     
   120.77635763615277      ,   96.310767449191061      ,   129.88901729536499     
   121.00515332877454      ,   96.321035488288061      ,   131.16124388415636     
   121.24700792567582      ,   96.419387203893393      ,   132.42728340644061     
   121.50169747299996      ,   96.602283273540095      ,   133.68136091240581     
   121.76854891033004      ,   96.871877166149574      ,   134.91712521177831     
   122.04655954588598      ,   97.224678424816986      ,   136.12925891604402     
   122.33492556625613      ,   97.660903912939148      ,   137.31143902034535     
   122.63357159965346      ,   98.177020945880116      ,   138.45837159792075     
   122.94336324676988      ,   98.774909355770575      ,   139.56172952443728     
   123.26515493051826      ,   99.453429786394764      ,   140.61388346194806     
   123.59790154123732      ,   100.20645343694893      ,   141.61044117762276     
   123.94010854650674      ,   101.03349099017261      ,   142.54305709771870     
   124.29280610652290      ,   101.92881063112274      ,   143.40609665662589     
   124.65333332682951      ,   102.88921185981245      ,   144.19251540120987     
   125.01904850840020      ,   103.91072255423489      ,   144.89490697680526     
   125.39238378075117      ,   104.99141306564269      ,   145.49772452090872     
   125.76884879843249      ,   106.11862257868140      ,   146.00611247100986     
   126.14818806277448      ,   107.28695519933103      ,   146.40796733908806     
   126.52819998550969      ,   108.48829137543459      ,   146.69603744398555     
   126.90644889836861      ,   109.71235061311368      ,   146.86611438902639     
   127.27883038800171      ,   110.94896941363700      ,   146.91891758311149     
   127.64187231242286      ,   112.18770392085730      ,   146.85576270667843     
   127.99325956774233      ,   113.41715890998516      ,   146.66730323463804     
   128.32824015098328      ,   114.62812691221265      ,   146.36458111489955     
   128.64443318048887      ,   115.80760462262863      ,   145.94099961562335     
   128.93751199849558      ,   116.95252445712771      ,   145.41785291692841     
   129.20482641988377      ,   118.04315266389388      ,   144.77794439180138     
   129.44266704680564      ,   119.08515636174525      ,   144.05086989138644     
   129.64860657731973      ,   120.06939416912208      ,   143.23888692082704     
   129.81990285566908      ,   120.98738445937478      ,   142.34515079812246     
   129.95023416550447      ,   121.85222743787016      ,   141.39338808075300     
   130.02275528908390      ,   122.62800987853642      ,   140.36244583043836     
   130.04344269059357      ,   123.30988825572966      ,   139.26454031028933     
   130.03142465400697      ,   123.92962065282065      ,   138.13005299406129     
   128.09999999999999      ,   128.19999999999999      ,   128.30000000000001     
   128.00000090439033      ,   121.10332057633934      ,   118.50753298629655     
   128.38099007450640      ,   120.01600255450415      ,   117.92195316403583     
   128.82246322642408      ,   118.90132933777690      ,   117.43942882079450     
   129.33340873024883      ,   117.76884618039891      ,   117.08465274115335     
   129.89758623954688      ,   116.62053604226034      ,   116.90955964206528     
   130.48828197576512      ,   115.47226420996792      ,   116.94652512261619     
   131.10011357163992      ,   114.35486517103767      ,   117.15997379489960     
   131.71372046752626      ,   113.29625608640009      ,   117.57360994907972     
   132.32709147406365      ,   112.31808929567958      ,   118.15308315468366     
   132.91570124500896      ,   111.43757067393577      ,   118.89254648468933     
   133.46987949378641      ,   110.68215578675049      ,   119.78173575025600     
   133.99494380142730      ,   110.06639406270446      ,   120.78877842788950     
   134.48226803036408      ,   109.59496994642696      ,   121.88843024575642     
   134.92197392877887      ,   109.28656685456222      ,   123.06334941185546     
   135.30984246534842      ,   109.13592256021586      ,   124.28654740768631     
   135.64360075536698      ,   109.14906704933999      ,   125.53449102070800     
   135.91876730430954      ,   109.32896469737459      ,   126.78392713873825     
   136.13493402558072      ,   109.67049292888055      ,   128.01100323353657     
   136.28957998635138      ,   110.17036026835400      ,   129.19224065941842     
   136.38106943396841      ,   110.81756625855914      ,   130.30664463234788     
   136.40655880539106      ,   111.60422500447821      ,   131.33085958729114     
   136.34920928246865      ,   112.52906679567359      ,   132.23085009521100     
   136.23033181457583      ,   113.55578195370740      ,   133.00622350372009     
   136.04506784427267      ,   114.66788464563385      ,   133.63623129131065     
   135.78287243061575      ,   115.84808520210318      ,   134.09144544962024     
   135.45456544944469      ,   117.06499228351633      ,   134.36896803716112     
   135.01387106565144      ,   118.27851373651623      ,   134.39593960197763     
   134.52217582430978      ,   119.46751459909312      ,   134.27178937152675     
   134.05565524394461      ,   120.66361635826530      ,   134.11975364321074     
   128.09999999999999      ,   128.19999999999999      ,   128.30000000000001     
   132.87668953422414      ,   123.12331195794378      ,   118.50753298629655     
   133.93263336317449      ,   122.45318755774190      ,   118.18353043650613     
   135.04610721504704      ,   121.80905573571940      ,   118.07593186472461     
   136.14844451877619      ,   121.15489426754976      ,   118.22468930164356     
   137.20322523345163      ,   120.56410827441485      ,   118.67269176634626     
   138.15405606798657      ,   120.05102905587788      ,   119.37838571643168     
   138.94340512672520      ,   119.65121463340824      ,   120.31686859640892     
   139.54252939873413      ,   119.38985575323763      ,   121.42959781810529     
   139.93917413816291      ,   119.28627320774525      ,   122.65299038502782     
   140.13764216460737      ,   119.34783116313963      ,   123.92726408001434     
   140.14137798144955      ,   119.56984634713356      ,   125.19836771786586     
   139.93221874789634      ,   119.96094735975636      ,   126.41044772866343     
   139.52722330190332      ,   120.48792711768017      ,   127.51673201935782     
   138.93896681917195      ,   121.12707104863462      ,   128.47174374429287     
   138.18409984178911      ,   121.80800486250563      ,   129.26746322461892     
   137.25007448372500      ,   122.55329782213857      ,   129.73113857359638     
   136.31232461879350      ,   123.44011264403260      ,   129.77172400618809     
